{"@module": "pymatgen.core.structure", "@class": "Structure", "charge": null, "lattice": {"matrix": [[3.48543625, 0.0, 2.01231756], [1.16181208, 3.28610081, 2.01231756], [0.0, 0.0, 4.02463512]], "a": 4.0246351157711695, "b": 4.024635114516711, "c": 4.02463512, "alpha": 59.99999995493113, "beta": 59.99999996524192, "gamma": 60.00000001397137, "volume": 46.096137758208265}, "sites": [{"species": [{"element": "Na", "occu": 1}], "abc": [0.0, 0.0, 0.0], "xyz": [0.0, 0.0, 0.0], "label": "Na", "properties": {"coordination_no": 6, "forces": [0.0, 0.0, 0.0]}}, {"species": [{"element": "Cl", "occu": 1}], "abc": [0.5, 0.5, 0.5], "xyz": [2.323624165, 1.643050405, 4.02463512], "label": "Cl", "properties": {"coordination_no": 6, "forces": [0.0, 0.0, 0.0]}}]}