{"@module": "pymatgen.core.structure", "@class": "Structure", "charge": null, "lattice": {"matrix": [[3.34889826, 0.0, 1.93348731], [1.11629942, 3.15737156, 1.93348731], [0.0, 0.0, 3.86697462]], "a": 3.866974622849504, "b": 3.866974623775052, "c": 3.86697462, "alpha": 60.000000032293386, "beta": 60.00000002437586, "gamma": 60.0000000241681, "volume": 40.888291888494884}, "sites": [{"species": [{"element": "Si", "occu": 1}], "abc": [0.875, 0.875, 0.875], "xyz": [3.9070479700000003, 2.762700115, 6.767205585], "label": "Si"}, {"species": [{"element": "Si", "occu": 1}], "abc": [0.125, 0.125, 0.125], "xyz": [0.55814971, 0.394671445, 0.966743655], "label": "Si"}]}